PrimaryKey,LineKey,cover_type,percent
101C_2021,101C_15_2021,AF_I,5
101C_2021,101C_15_2021,AF_N,1.666666667
101C_2021,101C_15_2021,AG_I,5
101C_2021,101C_15_2021,PF_N,5
101C_2021,101C_15_2021,PG_I,0
101C_2021,101C_15_2021,PG_N,23.33333333
101C_2021,101C_15_2021,SH_N,36.66666667
101C_2021,101C_15_2021,PF_I,NA
101C_2021,101C_15_2021,GAP,36.66666667
101C_2021,101C_2_2021,AF_I,0
101C_2021,101C_2_2021,AF_N,3.333333333
101C_2021,101C_2_2021,AG_I,1.666666667
101C_2021,101C_2_2021,PF_N,5
101C_2021,101C_2_2021,PG_I,0
101C_2021,101C_2_2021,PG_N,25
101C_2021,101C_2_2021,SH_N,63.33333333
101C_2021,101C_2_2021,PF_I,NA
101C_2021,101C_2_2021,GAP,18.33333333
101C_2021,101C_28_2021,AF_I,0
101C_2021,101C_28_2021,AF_N,0
101C_2021,101C_28_2021,AG_I,0
101C_2021,101C_28_2021,PF_N,5
101C_2021,101C_28_2021,PG_I,0
101C_2021,101C_28_2021,PG_N,15
101C_2021,101C_28_2021,SH_N,51.66666667
101C_2021,101C_28_2021,PF_I,NA
101C_2021,101C_28_2021,GAP,35
101T_2021,101T_15_2021,AF_I,0
101T_2021,101T_15_2021,AF_N,1.666666667
101T_2021,101T_15_2021,AG_I,1.666666667
101T_2021,101T_15_2021,PF_N,6.666666667
101T_2021,101T_15_2021,PG_I,0
101T_2021,101T_15_2021,PG_N,31.66666667
101T_2021,101T_15_2021,SH_N,43.33333333
101T_2021,101T_15_2021,PF_I,NA
101T_2021,101T_15_2021,GAP,30
101T_2021,101T_2_2021,AF_I,0
101T_2021,101T_2_2021,AF_N,0
101T_2021,101T_2_2021,AG_I,0
101T_2021,101T_2_2021,PF_N,6.666666667
101T_2021,101T_2_2021,PG_I,0
101T_2021,101T_2_2021,PG_N,30
101T_2021,101T_2_2021,SH_N,38.33333333
101T_2021,101T_2_2021,PF_I,NA
101T_2021,101T_2_2021,GAP,36.66666667
101T_2021,101T_28_2021,AF_I,0
101T_2021,101T_28_2021,AF_N,0
101T_2021,101T_28_2021,AG_I,1.666666667
101T_2021,101T_28_2021,PF_N,3.333333333
101T_2021,101T_28_2021,PG_I,0
101T_2021,101T_28_2021,PG_N,23.33333333
101T_2021,101T_28_2021,SH_N,48.33333333
101T_2021,101T_28_2021,PF_I,NA
101T_2021,101T_28_2021,GAP,31.66666667
102T_2021,102T_15_2021,AF_I,0
102T_2021,102T_15_2021,AF_N,0
102T_2021,102T_15_2021,AG_I,3.333333333
102T_2021,102T_15_2021,PF_N,21.66666667
102T_2021,102T_15_2021,PG_I,0
102T_2021,102T_15_2021,PG_N,63.33333333
102T_2021,102T_15_2021,SH_N,53.33333333
102T_2021,102T_15_2021,PF_I,NA
102T_2021,102T_15_2021,GAP,5
102T_2021,102T_2_2021,AF_I,0
102T_2021,102T_2_2021,AF_N,0
102T_2021,102T_2_2021,AG_I,3.333333333
102T_2021,102T_2_2021,PF_N,16.66666667
102T_2021,102T_2_2021,PG_I,0
102T_2021,102T_2_2021,PG_N,36.66666667
102T_2021,102T_2_2021,SH_N,78.33333333
102T_2021,102T_2_2021,PF_I,NA
102T_2021,102T_2_2021,GAP,11.66666667
102T_2021,102T_28_2021,AF_I,0
102T_2021,102T_28_2021,AF_N,0
102T_2021,102T_28_2021,AG_I,10
102T_2021,102T_28_2021,PF_N,21.66666667
102T_2021,102T_28_2021,PG_I,0
102T_2021,102T_28_2021,PG_N,53.33333333
102T_2021,102T_28_2021,SH_N,55
102T_2021,102T_28_2021,PF_I,NA
102T_2021,102T_28_2021,GAP,10
103C_2021,103C_15_2021,AF_I,0
103C_2021,103C_15_2021,AF_N,0
103C_2021,103C_15_2021,AG_I,6.666666667
103C_2021,103C_15_2021,PF_N,21.66666667
103C_2021,103C_15_2021,PG_I,0
103C_2021,103C_15_2021,PG_N,33.33333333
103C_2021,103C_15_2021,SH_N,53.33333333
103C_2021,103C_15_2021,PF_I,NA
103C_2021,103C_15_2021,GAP,15
103C_2021,103C_2_2021,AF_I,0
103C_2021,103C_2_2021,AF_N,0
103C_2021,103C_2_2021,AG_I,6.666666667
103C_2021,103C_2_2021,PF_N,10
103C_2021,103C_2_2021,PG_I,0
103C_2021,103C_2_2021,PG_N,38.33333333
103C_2021,103C_2_2021,SH_N,46.66666667
103C_2021,103C_2_2021,PF_I,NA
103C_2021,103C_2_2021,GAP,21.66666667
103C_2021,103C_28_2021,AF_I,0
103C_2021,103C_28_2021,AF_N,0
103C_2021,103C_28_2021,AG_I,0
103C_2021,103C_28_2021,PF_N,6.666666667
103C_2021,103C_28_2021,PG_I,0
103C_2021,103C_28_2021,PG_N,41.66666667
103C_2021,103C_28_2021,SH_N,53.33333333
103C_2021,103C_28_2021,PF_I,NA
103C_2021,103C_28_2021,GAP,23.33333333
103T_2021,103T_15_2021,AF_I,0
103T_2021,103T_15_2021,AF_N,0
103T_2021,103T_15_2021,AG_I,0
103T_2021,103T_15_2021,PF_N,10
103T_2021,103T_15_2021,PG_I,0
103T_2021,103T_15_2021,PG_N,41.66666667
103T_2021,103T_15_2021,SH_N,65
103T_2021,103T_15_2021,PF_I,NA
103T_2021,103T_15_2021,GAP,20
103T_2021,103T_2_2021,AF_I,0
103T_2021,103T_2_2021,AF_N,0
103T_2021,103T_2_2021,AG_I,0
103T_2021,103T_2_2021,PF_N,20
103T_2021,103T_2_2021,PG_I,0
103T_2021,103T_2_2021,PG_N,31.66666667
103T_2021,103T_2_2021,SH_N,58.33333333
103T_2021,103T_2_2021,PF_I,NA
103T_2021,103T_2_2021,GAP,23.33333333
103T_2021,103T_28_2021,AF_I,0
103T_2021,103T_28_2021,AF_N,0
103T_2021,103T_28_2021,AG_I,0
103T_2021,103T_28_2021,PF_N,20
103T_2021,103T_28_2021,PG_I,0
103T_2021,103T_28_2021,PG_N,28.33333333
103T_2021,103T_28_2021,SH_N,68.33333333
103T_2021,103T_28_2021,PF_I,NA
103T_2021,103T_28_2021,GAP,16.66666667
104C_2021,104C_15_2021,AF_I,0
104C_2021,104C_15_2021,AF_N,0
104C_2021,104C_15_2021,AG_I,8.333333333
104C_2021,104C_15_2021,PF_N,13.33333333
104C_2021,104C_15_2021,PG_I,0
104C_2021,104C_15_2021,PG_N,51.66666667
104C_2021,104C_15_2021,SH_N,50
104C_2021,104C_15_2021,PF_I,NA
104C_2021,104C_15_2021,GAP,18.33333333
104C_2021,104C_2_2021,AF_I,0
104C_2021,104C_2_2021,AF_N,0
104C_2021,104C_2_2021,AG_I,6.666666667
104C_2021,104C_2_2021,PF_N,5
104C_2021,104C_2_2021,PG_I,0
104C_2021,104C_2_2021,PG_N,53.33333333
104C_2021,104C_2_2021,SH_N,55
104C_2021,104C_2_2021,PF_I,NA
104C_2021,104C_2_2021,GAP,5
104C_2021,104C_28_2021,AF_I,0
104C_2021,104C_28_2021,AF_N,0
104C_2021,104C_28_2021,AG_I,3.333333333
104C_2021,104C_28_2021,PF_N,5
104C_2021,104C_28_2021,PG_I,0
104C_2021,104C_28_2021,PG_N,43.33333333
104C_2021,104C_28_2021,SH_N,53.33333333
104C_2021,104C_28_2021,PF_I,NA
104C_2021,104C_28_2021,GAP,18.33333333
104T_2021,104T_15_2021,AF_I,0
104T_2021,104T_15_2021,AF_N,0
104T_2021,104T_15_2021,AG_I,0
104T_2021,104T_15_2021,PF_N,26.66666667
104T_2021,104T_15_2021,PG_I,0
104T_2021,104T_15_2021,PG_N,30
104T_2021,104T_15_2021,SH_N,21.66666667
104T_2021,104T_15_2021,PF_I,NA
104T_2021,104T_15_2021,GAP,38.33333333
104T_2021,104T_2_2021,AF_I,0
104T_2021,104T_2_2021,AF_N,0
104T_2021,104T_2_2021,AG_I,0
104T_2021,104T_2_2021,PF_N,18.33333333
104T_2021,104T_2_2021,PG_I,0
104T_2021,104T_2_2021,PG_N,33.33333333
104T_2021,104T_2_2021,SH_N,48.33333333
104T_2021,104T_2_2021,PF_I,NA
104T_2021,104T_2_2021,GAP,16.66666667
104T_2021,104T_28_2021,AF_I,0
104T_2021,104T_28_2021,AF_N,0
104T_2021,104T_28_2021,AG_I,0
104T_2021,104T_28_2021,PF_N,20
104T_2021,104T_28_2021,PG_I,0
104T_2021,104T_28_2021,PG_N,10
104T_2021,104T_28_2021,SH_N,20
104T_2021,104T_28_2021,PF_I,NA
104T_2021,104T_28_2021,GAP,56.66666667
105T_2021,105T_15_2021,AF_I,0
105T_2021,105T_15_2021,AF_N,0
105T_2021,105T_15_2021,AG_I,1.666666667
105T_2021,105T_15_2021,PF_N,8.333333333
105T_2021,105T_15_2021,PG_I,0
105T_2021,105T_15_2021,PG_N,55
105T_2021,105T_15_2021,SH_N,38.33333333
105T_2021,105T_15_2021,PF_I,NA
105T_2021,105T_15_2021,GAP,26.66666667
105T_2021,105T_2_2021,AF_I,0
105T_2021,105T_2_2021,AF_N,1.666666667
105T_2021,105T_2_2021,AG_I,1.666666667
105T_2021,105T_2_2021,PF_N,15
105T_2021,105T_2_2021,PG_I,0
105T_2021,105T_2_2021,PG_N,61.66666667
105T_2021,105T_2_2021,SH_N,23.33333333
105T_2021,105T_2_2021,PF_I,NA
105T_2021,105T_2_2021,GAP,23.33333333
105T_2021,105T_28_2021,AF_I,0
105T_2021,105T_28_2021,AF_N,0
105T_2021,105T_28_2021,AG_I,0
105T_2021,105T_28_2021,PF_N,23.33333333
105T_2021,105T_28_2021,PG_I,0
105T_2021,105T_28_2021,PG_N,48.33333333
105T_2021,105T_28_2021,SH_N,36.66666667
105T_2021,105T_28_2021,PF_I,NA
105T_2021,105T_28_2021,GAP,18.33333333
201C_2021,201C_15_2021,AF_I,0
201C_2021,201C_15_2021,AF_N,0
201C_2021,201C_15_2021,AG_I,3.333333333
201C_2021,201C_15_2021,PF_N,10
201C_2021,201C_15_2021,PG_I,0
201C_2021,201C_15_2021,PG_N,20
201C_2021,201C_15_2021,SH_N,45
201C_2021,201C_15_2021,PF_I,NA
201C_2021,201C_15_2021,GAP,36.66666667
201C_2021,201C_2_2021,AF_I,0
201C_2021,201C_2_2021,AF_N,1.666666667
201C_2021,201C_2_2021,AG_I,11.66666667
201C_2021,201C_2_2021,PF_N,6.666666667
201C_2021,201C_2_2021,PG_I,0
201C_2021,201C_2_2021,PG_N,16.66666667
201C_2021,201C_2_2021,SH_N,53.33333333
201C_2021,201C_2_2021,PF_I,NA
201C_2021,201C_2_2021,GAP,30
201C_2021,201C_28_2021,AF_I,0
201C_2021,201C_28_2021,AF_N,0
201C_2021,201C_28_2021,AG_I,1.666666667
201C_2021,201C_28_2021,PF_N,18.33333333
201C_2021,201C_28_2021,PG_I,0
201C_2021,201C_28_2021,PG_N,33.33333333
201C_2021,201C_28_2021,SH_N,38.33333333
201C_2021,201C_28_2021,PF_I,NA
201C_2021,201C_28_2021,GAP,33.33333333
201T_2021,201T_15_2021,AF_I,0
201T_2021,201T_15_2021,AF_N,0
201T_2021,201T_15_2021,AG_I,1.666666667
201T_2021,201T_15_2021,PF_N,6.666666667
201T_2021,201T_15_2021,PG_I,0
201T_2021,201T_15_2021,PG_N,43.33333333
201T_2021,201T_15_2021,SH_N,86.66666667
201T_2021,201T_15_2021,PF_I,NA
201T_2021,201T_15_2021,GAP,5
201T_2021,201T_2_2021,AF_I,0
201T_2021,201T_2_2021,AF_N,0
201T_2021,201T_2_2021,AG_I,8.333333333
201T_2021,201T_2_2021,PF_N,16.66666667
201T_2021,201T_2_2021,PG_I,0
201T_2021,201T_2_2021,PG_N,48.33333333
201T_2021,201T_2_2021,SH_N,70
201T_2021,201T_2_2021,PF_I,NA
201T_2021,201T_2_2021,GAP,8.333333333
201T_2021,201T_28_2021,AF_I,0
201T_2021,201T_28_2021,AF_N,0
201T_2021,201T_28_2021,AG_I,1.666666667
201T_2021,201T_28_2021,PF_N,10
201T_2021,201T_28_2021,PG_I,0
201T_2021,201T_28_2021,PG_N,33.33333333
201T_2021,201T_28_2021,SH_N,83.33333333
201T_2021,201T_28_2021,PF_I,NA
201T_2021,201T_28_2021,GAP,6.666666667
202C_2021,202C_15_2021,AF_I,0
202C_2021,202C_15_2021,AF_N,0
202C_2021,202C_15_2021,AG_I,11.66666667
202C_2021,202C_15_2021,PF_N,10
202C_2021,202C_15_2021,PG_I,0
202C_2021,202C_15_2021,PG_N,36.66666667
202C_2021,202C_15_2021,SH_N,58.33333333
202C_2021,202C_15_2021,PF_I,NA
202C_2021,202C_15_2021,GAP,18.33333333
202C_2021,202C_2_2021,AF_I,0
202C_2021,202C_2_2021,AF_N,0
202C_2021,202C_2_2021,AG_I,13.33333333
202C_2021,202C_2_2021,PF_N,6.666666667
202C_2021,202C_2_2021,PG_I,0
202C_2021,202C_2_2021,PG_N,26.66666667
202C_2021,202C_2_2021,SH_N,68.33333333
202C_2021,202C_2_2021,PF_I,NA
202C_2021,202C_2_2021,GAP,16.66666667
202C_2021,202C_28_2021,AF_I,3.333333333
202C_2021,202C_28_2021,AF_N,5
202C_2021,202C_28_2021,AG_I,10
202C_2021,202C_28_2021,PF_N,21.66666667
202C_2021,202C_28_2021,PG_I,0
202C_2021,202C_28_2021,PG_N,26.66666667
202C_2021,202C_28_2021,SH_N,58.33333333
202C_2021,202C_28_2021,PF_I,NA
202C_2021,202C_28_2021,GAP,20
202T_2021,202T_15_2021,AF_I,0
202T_2021,202T_15_2021,AF_N,0
202T_2021,202T_15_2021,AG_I,5
202T_2021,202T_15_2021,PF_N,15
202T_2021,202T_15_2021,PG_I,0
202T_2021,202T_15_2021,PG_N,38.33333333
202T_2021,202T_15_2021,SH_N,71.66666667
202T_2021,202T_15_2021,PF_I,NA
202T_2021,202T_15_2021,GAP,5
202T_2021,202T_2_2021,AF_I,0
202T_2021,202T_2_2021,AF_N,0
202T_2021,202T_2_2021,AG_I,5
202T_2021,202T_2_2021,PF_N,23.33333333
202T_2021,202T_2_2021,PG_I,0
202T_2021,202T_2_2021,PG_N,53.33333333
202T_2021,202T_2_2021,SH_N,73.33333333
202T_2021,202T_2_2021,PF_I,NA
202T_2021,202T_2_2021,GAP,1.666666667
202T_2021,202T_28_2021,AF_I,0
202T_2021,202T_28_2021,AF_N,1.666666667
202T_2021,202T_28_2021,AG_I,5
202T_2021,202T_28_2021,PF_N,16.66666667
202T_2021,202T_28_2021,PG_I,0
202T_2021,202T_28_2021,PG_N,30
202T_2021,202T_28_2021,SH_N,53.33333333
202T_2021,202T_28_2021,PF_I,NA
202T_2021,202T_28_2021,GAP,25
203C_2021,203C_15_2021,AF_I,0
203C_2021,203C_15_2021,AF_N,0
203C_2021,203C_15_2021,AG_I,3.333333333
203C_2021,203C_15_2021,PF_N,21.66666667
203C_2021,203C_15_2021,PG_I,0
203C_2021,203C_15_2021,PG_N,56.66666667
203C_2021,203C_15_2021,SH_N,31.66666667
203C_2021,203C_15_2021,PF_I,NA
203C_2021,203C_15_2021,GAP,20
203C_2021,203C_2_2021,AF_I,0
203C_2021,203C_2_2021,AF_N,3.333333333
203C_2021,203C_2_2021,AG_I,1.666666667
203C_2021,203C_2_2021,PF_N,15
203C_2021,203C_2_2021,PG_I,0
203C_2021,203C_2_2021,PG_N,51.66666667
203C_2021,203C_2_2021,SH_N,66.66666667
203C_2021,203C_2_2021,PF_I,NA
203C_2021,203C_2_2021,GAP,8.333333333
203C_2021,203C_28_2021,AF_I,0
203C_2021,203C_28_2021,AF_N,0
203C_2021,203C_28_2021,AG_I,0
203C_2021,203C_28_2021,PF_N,20
203C_2021,203C_28_2021,PG_I,0
203C_2021,203C_28_2021,PG_N,60
203C_2021,203C_28_2021,SH_N,51.66666667
203C_2021,203C_28_2021,PF_I,NA
203C_2021,203C_28_2021,GAP,10
203T_2021,203T_15_2021,AF_I,0
203T_2021,203T_15_2021,AF_N,0
203T_2021,203T_15_2021,AG_I,1.666666667
203T_2021,203T_15_2021,PF_N,8.333333333
203T_2021,203T_15_2021,PG_I,0
203T_2021,203T_15_2021,PG_N,80
203T_2021,203T_15_2021,SH_N,58.33333333
203T_2021,203T_15_2021,PF_I,NA
203T_2021,203T_15_2021,GAP,5
203T_2021,203T_2_2021,AF_I,0
203T_2021,203T_2_2021,AF_N,0
203T_2021,203T_2_2021,AG_I,0
203T_2021,203T_2_2021,PF_N,53.33333333
203T_2021,203T_2_2021,PG_I,0
203T_2021,203T_2_2021,PG_N,60
203T_2021,203T_2_2021,SH_N,78.33333333
203T_2021,203T_2_2021,PF_I,NA
203T_2021,203T_2_2021,GAP,1.666666667
203T_2021,203T_28_2021,AF_I,0
203T_2021,203T_28_2021,AF_N,0
203T_2021,203T_28_2021,AG_I,0
203T_2021,203T_28_2021,PF_N,13.33333333
203T_2021,203T_28_2021,PG_I,0
203T_2021,203T_28_2021,PG_N,68.33333333
203T_2021,203T_28_2021,SH_N,51.66666667
203T_2021,203T_28_2021,PF_I,NA
203T_2021,203T_28_2021,GAP,15
204C_2021,204C_15_2021,AF_I,0
204C_2021,204C_15_2021,AF_N,0
204C_2021,204C_15_2021,AG_I,5
204C_2021,204C_15_2021,PF_N,18.33333333
204C_2021,204C_15_2021,PG_I,0
204C_2021,204C_15_2021,PG_N,16.66666667
204C_2021,204C_15_2021,SH_N,61.66666667
204C_2021,204C_15_2021,PF_I,NA
204C_2021,204C_15_2021,GAP,25
204C_2021,204C_2_2021,AF_I,0
204C_2021,204C_2_2021,AF_N,0
204C_2021,204C_2_2021,AG_I,8.333333333
204C_2021,204C_2_2021,PF_N,13.33333333
204C_2021,204C_2_2021,PG_I,0
204C_2021,204C_2_2021,PG_N,20
204C_2021,204C_2_2021,SH_N,61.66666667
204C_2021,204C_2_2021,PF_I,NA
204C_2021,204C_2_2021,GAP,23.33333333
204C_2021,204C_28_2021,AF_I,0
204C_2021,204C_28_2021,AF_N,1.666666667
204C_2021,204C_28_2021,AG_I,0
204C_2021,204C_28_2021,PF_N,21.66666667
204C_2021,204C_28_2021,PG_I,0
204C_2021,204C_28_2021,PG_N,28.33333333
204C_2021,204C_28_2021,SH_N,53.33333333
204C_2021,204C_28_2021,PF_I,NA
204C_2021,204C_28_2021,GAP,33.33333333
204T_2021,204T_15_2021,AF_I,0
204T_2021,204T_15_2021,AF_N,0
204T_2021,204T_15_2021,AG_I,0
204T_2021,204T_15_2021,PF_N,15
204T_2021,204T_15_2021,PG_I,0
204T_2021,204T_15_2021,PG_N,68.33333333
204T_2021,204T_15_2021,SH_N,68.33333333
204T_2021,204T_15_2021,PF_I,NA
204T_2021,204T_15_2021,GAP,10
204T_2021,204T_2_2021,AF_I,0
204T_2021,204T_2_2021,AF_N,0
204T_2021,204T_2_2021,AG_I,0
204T_2021,204T_2_2021,PF_N,11.66666667
204T_2021,204T_2_2021,PG_I,0
204T_2021,204T_2_2021,PG_N,50
204T_2021,204T_2_2021,SH_N,48.33333333
204T_2021,204T_2_2021,PF_I,NA
204T_2021,204T_2_2021,GAP,21.66666667
204T_2021,204T_28_2021,AF_I,0
204T_2021,204T_28_2021,AF_N,0
204T_2021,204T_28_2021,AG_I,1.666666667
204T_2021,204T_28_2021,PF_N,18.33333333
204T_2021,204T_28_2021,PG_I,0
204T_2021,204T_28_2021,PG_N,60
204T_2021,204T_28_2021,SH_N,65
204T_2021,204T_28_2021,PF_I,NA
204T_2021,204T_28_2021,GAP,5
301C_2021,301C_15_2021,AF_I,0
301C_2021,301C_15_2021,AF_N,0
301C_2021,301C_15_2021,AG_I,13.33333333
301C_2021,301C_15_2021,PF_N,10
301C_2021,301C_15_2021,PG_I,0
301C_2021,301C_15_2021,PG_N,51.66666667
301C_2021,301C_15_2021,SH_N,28.33333333
301C_2021,301C_15_2021,PF_I,NA
301C_2021,301C_15_2021,GAP,25
301C_2021,301C_2_2021,AF_I,1.666666667
301C_2021,301C_2_2021,AF_N,0
301C_2021,301C_2_2021,AG_I,1.666666667
301C_2021,301C_2_2021,PF_N,13.33333333
301C_2021,301C_2_2021,PG_I,1.666666667
301C_2021,301C_2_2021,PG_N,28.33333333
301C_2021,301C_2_2021,SH_N,13.33333333
301C_2021,301C_2_2021,PF_I,NA
301C_2021,301C_2_2021,GAP,48.33333333
301C_2021,301C_28_2021,AF_I,0
301C_2021,301C_28_2021,AF_N,0
301C_2021,301C_28_2021,AG_I,1.666666667
301C_2021,301C_28_2021,PF_N,16.66666667
301C_2021,301C_28_2021,PG_I,0
301C_2021,301C_28_2021,PG_N,36.66666667
301C_2021,301C_28_2021,SH_N,21.66666667
301C_2021,301C_28_2021,PF_I,NA
301C_2021,301C_28_2021,GAP,33.33333333
301T_2021,301T_15_2021,AF_I,0
301T_2021,301T_15_2021,AF_N,0
301T_2021,301T_15_2021,AG_I,0
301T_2021,301T_15_2021,PF_N,10
301T_2021,301T_15_2021,PG_I,0
301T_2021,301T_15_2021,PG_N,43.33333333
301T_2021,301T_15_2021,SH_N,8.333333333
301T_2021,301T_15_2021,PF_I,NA
301T_2021,301T_15_2021,GAP,48.33333333
301T_2021,301T_2_2021,AF_I,0
301T_2021,301T_2_2021,AF_N,1.666666667
301T_2021,301T_2_2021,AG_I,6.666666667
301T_2021,301T_2_2021,PF_N,6.666666667
301T_2021,301T_2_2021,PG_I,0
301T_2021,301T_2_2021,PG_N,35
301T_2021,301T_2_2021,SH_N,8.333333333
301T_2021,301T_2_2021,PF_I,NA
301T_2021,301T_2_2021,GAP,46.66666667
301T_2021,301T_28_2021,AF_I,0
301T_2021,301T_28_2021,AF_N,0
301T_2021,301T_28_2021,AG_I,5
301T_2021,301T_28_2021,PF_N,8.333333333
301T_2021,301T_28_2021,PG_I,0
301T_2021,301T_28_2021,PG_N,48.33333333
301T_2021,301T_28_2021,SH_N,28.33333333
301T_2021,301T_28_2021,PF_I,NA
301T_2021,301T_28_2021,GAP,23.33333333
302C_2021,302C_15_2021,AF_I,0
302C_2021,302C_15_2021,AF_N,0
302C_2021,302C_15_2021,AG_I,21.66666667
302C_2021,302C_15_2021,PF_N,36.66666667
302C_2021,302C_15_2021,PG_I,0
302C_2021,302C_15_2021,PG_N,35
302C_2021,302C_15_2021,SH_N,6.666666667
302C_2021,302C_15_2021,PF_I,NA
302C_2021,302C_15_2021,GAP,21.66666667
302C_2021,302C_2_2021,AF_I,0
302C_2021,302C_2_2021,AF_N,0
302C_2021,302C_2_2021,AG_I,0
302C_2021,302C_2_2021,PF_N,30
302C_2021,302C_2_2021,PG_I,0
302C_2021,302C_2_2021,PG_N,40
302C_2021,302C_2_2021,SH_N,11.66666667
302C_2021,302C_2_2021,PF_I,NA
302C_2021,302C_2_2021,GAP,33.33333333
302C_2021,302C_28_2021,AF_I,0
302C_2021,302C_28_2021,AF_N,0
302C_2021,302C_28_2021,AG_I,18.33333333
302C_2021,302C_28_2021,PF_N,26.66666667
302C_2021,302C_28_2021,PG_I,0
302C_2021,302C_28_2021,PG_N,23.33333333
302C_2021,302C_28_2021,SH_N,16.66666667
302C_2021,302C_28_2021,PF_I,NA
302C_2021,302C_28_2021,GAP,35
302T_2021,302T_15_2021,AF_I,3.333333333
302T_2021,302T_15_2021,AF_N,1.666666667
302T_2021,302T_15_2021,AG_I,0
302T_2021,302T_15_2021,PF_N,20
302T_2021,302T_15_2021,PG_I,0
302T_2021,302T_15_2021,PG_N,36.66666667
302T_2021,302T_15_2021,SH_N,8.333333333
302T_2021,302T_15_2021,PF_I,NA
302T_2021,302T_15_2021,GAP,33.33333333
302T_2021,302T_2_2021,AF_I,0
302T_2021,302T_2_2021,AF_N,6.666666667
302T_2021,302T_2_2021,AG_I,6.666666667
302T_2021,302T_2_2021,PF_N,10
302T_2021,302T_2_2021,PG_I,0
302T_2021,302T_2_2021,PG_N,40
302T_2021,302T_2_2021,SH_N,30
302T_2021,302T_2_2021,PF_I,NA
302T_2021,302T_2_2021,GAP,21.66666667
302T_2021,302T_28_2021,AF_I,1.666666667
302T_2021,302T_28_2021,AF_N,0
302T_2021,302T_28_2021,AG_I,3.333333333
302T_2021,302T_28_2021,PF_N,20
302T_2021,302T_28_2021,PG_I,0
302T_2021,302T_28_2021,PG_N,31.66666667
302T_2021,302T_28_2021,SH_N,18.33333333
302T_2021,302T_28_2021,PF_I,NA
302T_2021,302T_28_2021,GAP,40
303C_2021,303C_15_2021,AF_I,0
303C_2021,303C_15_2021,AF_N,0
303C_2021,303C_15_2021,AG_I,10
303C_2021,303C_15_2021,PF_N,23.33333333
303C_2021,303C_15_2021,PG_I,0
303C_2021,303C_15_2021,PG_N,33.33333333
303C_2021,303C_15_2021,SH_N,28.33333333
303C_2021,303C_15_2021,PF_I,NA
303C_2021,303C_15_2021,GAP,31.66666667
303C_2021,303C_2_2021,AF_I,0
303C_2021,303C_2_2021,AF_N,0
303C_2021,303C_2_2021,AG_I,5
303C_2021,303C_2_2021,PF_N,28.33333333
303C_2021,303C_2_2021,PG_I,0
303C_2021,303C_2_2021,PG_N,31.66666667
303C_2021,303C_2_2021,SH_N,26.66666667
303C_2021,303C_2_2021,PF_I,NA
303C_2021,303C_2_2021,GAP,35
303C_2021,303C_28_2021,AF_I,0
303C_2021,303C_28_2021,AF_N,0
303C_2021,303C_28_2021,AG_I,6.666666667
303C_2021,303C_28_2021,PF_N,31.66666667
303C_2021,303C_28_2021,PG_I,0
303C_2021,303C_28_2021,PG_N,31.66666667
303C_2021,303C_28_2021,SH_N,11.66666667
303C_2021,303C_28_2021,PF_I,NA
303C_2021,303C_28_2021,GAP,31.66666667
303T_2021,303T_15_2021,AF_I,0
303T_2021,303T_15_2021,AF_N,8.333333333
303T_2021,303T_15_2021,AG_I,10
303T_2021,303T_15_2021,PF_N,16.66666667
303T_2021,303T_15_2021,PG_I,0
303T_2021,303T_15_2021,PG_N,20
303T_2021,303T_15_2021,SH_N,10
303T_2021,303T_15_2021,PF_I,NA
303T_2021,303T_15_2021,GAP,45
303T_2021,303T_2_2021,AF_I,3.333333333
303T_2021,303T_2_2021,AF_N,3.333333333
303T_2021,303T_2_2021,AG_I,3.333333333
303T_2021,303T_2_2021,PF_N,11.66666667
303T_2021,303T_2_2021,PG_I,0
303T_2021,303T_2_2021,PG_N,35
303T_2021,303T_2_2021,SH_N,26.66666667
303T_2021,303T_2_2021,PF_I,NA
303T_2021,303T_2_2021,GAP,33.33333333
303T_2021,303T_28_2021,AF_I,8.333333333
303T_2021,303T_28_2021,AF_N,10
303T_2021,303T_28_2021,AG_I,11.66666667
303T_2021,303T_28_2021,PF_N,16.66666667
303T_2021,303T_28_2021,PG_I,0
303T_2021,303T_28_2021,PG_N,23.33333333
303T_2021,303T_28_2021,SH_N,18.33333333
303T_2021,303T_28_2021,PF_I,NA
303T_2021,303T_28_2021,GAP,31.66666667
304C_2021,304C_15_2021,AF_I,0
304C_2021,304C_15_2021,AF_N,0
304C_2021,304C_15_2021,AG_I,3.333333333
304C_2021,304C_15_2021,PF_N,48.33333333
304C_2021,304C_15_2021,PG_I,0
304C_2021,304C_15_2021,PG_N,20
304C_2021,304C_15_2021,SH_N,15
304C_2021,304C_15_2021,PF_I,NA
304C_2021,304C_15_2021,GAP,30
304C_2021,304C_2_2021,AF_I,0
304C_2021,304C_2_2021,AF_N,0
304C_2021,304C_2_2021,AG_I,11.66666667
304C_2021,304C_2_2021,PF_N,35
304C_2021,304C_2_2021,PG_I,0
304C_2021,304C_2_2021,PG_N,23.33333333
304C_2021,304C_2_2021,SH_N,5
304C_2021,304C_2_2021,PF_I,NA
304C_2021,304C_2_2021,GAP,38.33333333
304C_2021,304C_28_2021,AF_I,0
304C_2021,304C_28_2021,AF_N,0
304C_2021,304C_28_2021,AG_I,15
304C_2021,304C_28_2021,PF_N,20
304C_2021,304C_28_2021,PG_I,0
304C_2021,304C_28_2021,PG_N,23.33333333
304C_2021,304C_28_2021,SH_N,11.66666667
304C_2021,304C_28_2021,PF_I,NA
304C_2021,304C_28_2021,GAP,45
304T_2021,304T_15_2021,AF_I,0
304T_2021,304T_15_2021,AF_N,0
304T_2021,304T_15_2021,AG_I,1.666666667
304T_2021,304T_15_2021,PF_N,8.333333333
304T_2021,304T_15_2021,PG_I,0
304T_2021,304T_15_2021,PG_N,40
304T_2021,304T_15_2021,SH_N,10
304T_2021,304T_15_2021,PF_I,NA
304T_2021,304T_15_2021,GAP,53.33333333
304T_2021,304T_2_2021,AF_I,3.333333333
304T_2021,304T_2_2021,AF_N,0
304T_2021,304T_2_2021,AG_I,3.333333333
304T_2021,304T_2_2021,PF_N,15
304T_2021,304T_2_2021,PG_I,0
304T_2021,304T_2_2021,PG_N,30
304T_2021,304T_2_2021,SH_N,20
304T_2021,304T_2_2021,PF_I,NA
304T_2021,304T_2_2021,GAP,43.33333333
304T_2021,304T_28_2021,AF_I,5
304T_2021,304T_28_2021,AF_N,1.666666667
304T_2021,304T_28_2021,AG_I,6.666666667
304T_2021,304T_28_2021,PF_N,6.666666667
304T_2021,304T_28_2021,PG_I,0
304T_2021,304T_28_2021,PG_N,21.66666667
304T_2021,304T_28_2021,SH_N,8.333333333
304T_2021,304T_28_2021,PF_I,NA
304T_2021,304T_28_2021,GAP,56.66666667
305T_2021,305T_15_2021,AF_I,11.66666667
305T_2021,305T_15_2021,AF_N,0
305T_2021,305T_15_2021,AG_I,1.666666667
305T_2021,305T_15_2021,PF_N,25
305T_2021,305T_15_2021,PG_I,1.666666667
305T_2021,305T_15_2021,PG_N,50
305T_2021,305T_15_2021,SH_N,15
305T_2021,305T_15_2021,PF_I,NA
305T_2021,305T_15_2021,GAP,18.33333333
305T_2021,305T_2_2021,AF_I,0
305T_2021,305T_2_2021,AF_N,0
305T_2021,305T_2_2021,AG_I,6.666666667
305T_2021,305T_2_2021,PF_N,16.66666667
305T_2021,305T_2_2021,PG_I,0
305T_2021,305T_2_2021,PG_N,23.33333333
305T_2021,305T_2_2021,SH_N,50
305T_2021,305T_2_2021,PF_I,NA
305T_2021,305T_2_2021,GAP,30
305T_2021,305T_28_2021,AF_I,3.333333333
305T_2021,305T_28_2021,AF_N,0
305T_2021,305T_28_2021,AG_I,1.666666667
305T_2021,305T_28_2021,PF_N,31.66666667
305T_2021,305T_28_2021,PG_I,0
305T_2021,305T_28_2021,PG_N,48.33333333
305T_2021,305T_28_2021,SH_N,31.66666667
305T_2021,305T_28_2021,PF_I,NA
305T_2021,305T_28_2021,GAP,13.33333333
401C_2021,401C_15_2021,AF_I,11.66666667
401C_2021,401C_15_2021,AF_N,3.333333333
401C_2021,401C_15_2021,AG_I,45
401C_2021,401C_15_2021,PF_N,13.33333333
401C_2021,401C_15_2021,PG_I,0
401C_2021,401C_15_2021,PG_N,20
401C_2021,401C_15_2021,SH_N,16.66666667
401C_2021,401C_15_2021,PF_I,NA
401C_2021,401C_15_2021,GAP,16.66666667
401C_2021,401C_2_2021,AF_I,3.333333333
401C_2021,401C_2_2021,AF_N,0
401C_2021,401C_2_2021,AG_I,28.33333333
401C_2021,401C_2_2021,PF_N,11.66666667
401C_2021,401C_2_2021,PG_I,0
401C_2021,401C_2_2021,PG_N,25
401C_2021,401C_2_2021,SH_N,25
401C_2021,401C_2_2021,PF_I,NA
401C_2021,401C_2_2021,GAP,23.33333333
401C_2021,401C_28_2021,AF_I,3.333333333
401C_2021,401C_28_2021,AF_N,1.666666667
401C_2021,401C_28_2021,AG_I,40
401C_2021,401C_28_2021,PF_N,0
401C_2021,401C_28_2021,PG_I,0
401C_2021,401C_28_2021,PG_N,31.66666667
401C_2021,401C_28_2021,SH_N,23.33333333
401C_2021,401C_28_2021,PF_I,NA
401C_2021,401C_28_2021,GAP,23.33333333
401T_2021,401T_15_2021,AF_I,0
401T_2021,401T_15_2021,AF_N,1.666666667
401T_2021,401T_15_2021,AG_I,26.66666667
401T_2021,401T_15_2021,PF_N,1.666666667
401T_2021,401T_15_2021,PG_I,0
401T_2021,401T_15_2021,PG_N,21.66666667
401T_2021,401T_15_2021,SH_N,3.333333333
401T_2021,401T_15_2021,PF_I,NA
401T_2021,401T_15_2021,GAP,46.66666667
401T_2021,401T_2_2021,AF_I,0
401T_2021,401T_2_2021,AF_N,18.33333333
401T_2021,401T_2_2021,AG_I,15
401T_2021,401T_2_2021,PF_N,1.666666667
401T_2021,401T_2_2021,PG_I,1.666666667
401T_2021,401T_2_2021,PG_N,16.66666667
401T_2021,401T_2_2021,SH_N,0
401T_2021,401T_2_2021,PF_I,NA
401T_2021,401T_2_2021,GAP,48.33333333
401T_2021,401T_28_2021,AF_I,0
401T_2021,401T_28_2021,AF_N,0
401T_2021,401T_28_2021,AG_I,3.333333333
401T_2021,401T_28_2021,PF_N,5
401T_2021,401T_28_2021,PG_I,1.666666667
401T_2021,401T_28_2021,PG_N,31.66666667
401T_2021,401T_28_2021,SH_N,3.333333333
401T_2021,401T_28_2021,PF_I,NA
401T_2021,401T_28_2021,GAP,55
402C_2021,402C_15_2021,AF_I,0
402C_2021,402C_15_2021,AF_N,1.666666667
402C_2021,402C_15_2021,AG_I,15
402C_2021,402C_15_2021,PF_N,20
402C_2021,402C_15_2021,PG_I,0
402C_2021,402C_15_2021,PG_N,26.66666667
402C_2021,402C_15_2021,SH_N,0
402C_2021,402C_15_2021,PF_I,NA
402C_2021,402C_15_2021,GAP,43.33333333
402C_2021,402C_2_2021,AF_I,0
402C_2021,402C_2_2021,AF_N,0
402C_2021,402C_2_2021,AG_I,35
402C_2021,402C_2_2021,PF_N,25
402C_2021,402C_2_2021,PG_I,0
402C_2021,402C_2_2021,PG_N,25
402C_2021,402C_2_2021,SH_N,11.66666667
402C_2021,402C_2_2021,PF_I,NA
402C_2021,402C_2_2021,GAP,25
402C_2021,402C_28_2021,AF_I,0
402C_2021,402C_28_2021,AF_N,0
402C_2021,402C_28_2021,AG_I,10
402C_2021,402C_28_2021,PF_N,16.66666667
402C_2021,402C_28_2021,PG_I,0
402C_2021,402C_28_2021,PG_N,18.33333333
402C_2021,402C_28_2021,SH_N,10
402C_2021,402C_28_2021,PF_I,NA
402C_2021,402C_28_2021,GAP,48.33333333
402T_2021,402T_15_2021,AF_I,6.666666667
402T_2021,402T_15_2021,AF_N,0
402T_2021,402T_15_2021,AG_I,5
402T_2021,402T_15_2021,PF_N,21.66666667
402T_2021,402T_15_2021,PG_I,0
402T_2021,402T_15_2021,PG_N,6.666666667
402T_2021,402T_15_2021,SH_N,0
402T_2021,402T_15_2021,PF_I,NA
402T_2021,402T_15_2021,GAP,63.33333333
402T_2021,402T_2_2021,AF_I,10
402T_2021,402T_2_2021,AF_N,0
402T_2021,402T_2_2021,AG_I,6.666666667
402T_2021,402T_2_2021,PF_N,21.66666667
402T_2021,402T_2_2021,PG_I,0
402T_2021,402T_2_2021,PG_N,23.33333333
402T_2021,402T_2_2021,SH_N,21.66666667
402T_2021,402T_2_2021,PF_I,NA
402T_2021,402T_2_2021,GAP,35
402T_2021,402T_28_2021,AF_I,3.333333333
402T_2021,402T_28_2021,AF_N,3.333333333
402T_2021,402T_28_2021,AG_I,11.66666667
402T_2021,402T_28_2021,PF_N,15
402T_2021,402T_28_2021,PG_I,0
402T_2021,402T_28_2021,PG_N,0
402T_2021,402T_28_2021,SH_N,18.33333333
402T_2021,402T_28_2021,PF_I,NA
402T_2021,402T_28_2021,GAP,58.33333333
101C_2022,101C_15_2022,AF_I,1.666666667
101C_2022,101C_15_2022,AF_N,40
101C_2022,101C_15_2022,AG_I,35
101C_2022,101C_15_2022,PF_N,16.66666667
101C_2022,101C_15_2022,PG_I,3.333333333
101C_2022,101C_15_2022,PG_N,41.66666667
101C_2022,101C_15_2022,SH_N,38.33333333
101C_2022,101C_15_2022,PF_I,0
101C_2022,101C_15_2022,GAP,11.66666667
101C_2022,101C_2_2022,AF_I,0
101C_2022,101C_2_2022,AF_N,56.66666667
101C_2022,101C_2_2022,AG_I,41.66666667
101C_2022,101C_2_2022,PF_N,18.33333333
101C_2022,101C_2_2022,PG_I,0
101C_2022,101C_2_2022,PG_N,50
101C_2022,101C_2_2022,SH_N,56.66666667
101C_2022,101C_2_2022,PF_I,0
101C_2022,101C_2_2022,GAP,1.666666667
101C_2022,101C_28_2022,AF_I,1.666666667
101C_2022,101C_28_2022,AF_N,21.66666667
101C_2022,101C_28_2022,AG_I,53.33333333
101C_2022,101C_28_2022,PF_N,10
101C_2022,101C_28_2022,PG_I,0
101C_2022,101C_28_2022,PG_N,21.66666667
101C_2022,101C_28_2022,SH_N,51.66666667
101C_2022,101C_28_2022,PF_I,0
101C_2022,101C_28_2022,GAP,13.33333333
101T_2022,101T_15_2022,AF_I,0
101T_2022,101T_15_2022,AF_N,20
101T_2022,101T_15_2022,AG_I,15
101T_2022,101T_15_2022,PF_N,21.66666667
101T_2022,101T_15_2022,PG_I,1.666666667
101T_2022,101T_15_2022,PG_N,35
101T_2022,101T_15_2022,SH_N,38.33333333
101T_2022,101T_15_2022,PF_I,0
101T_2022,101T_15_2022,GAP,18.33333333
101T_2022,101T_2_2022,AF_I,0
101T_2022,101T_2_2022,AF_N,21.66666667
101T_2022,101T_2_2022,AG_I,20
101T_2022,101T_2_2022,PF_N,21.66666667
101T_2022,101T_2_2022,PG_I,0
101T_2022,101T_2_2022,PG_N,41.66666667
101T_2022,101T_2_2022,SH_N,48.33333333
101T_2022,101T_2_2022,PF_I,0
101T_2022,101T_2_2022,GAP,16.66666667
101T_2022,101T_28_2022,AF_I,0
101T_2022,101T_28_2022,AF_N,16.66666667
101T_2022,101T_28_2022,AG_I,13.33333333
101T_2022,101T_28_2022,PF_N,23.33333333
101T_2022,101T_28_2022,PG_I,0
101T_2022,101T_28_2022,PG_N,48.33333333
101T_2022,101T_28_2022,SH_N,38.33333333
101T_2022,101T_28_2022,PF_I,0
101T_2022,101T_28_2022,GAP,16.66666667
102C_2022,102C_2_2022,AF_I,0
102C_2022,102C_2_2022,AF_N,38.33333333
102C_2022,102C_2_2022,AG_I,63.33333333
102C_2022,102C_2_2022,PF_N,25
102C_2022,102C_2_2022,PG_I,0
102C_2022,102C_2_2022,PG_N,21.66666667
102C_2022,102C_2_2022,SH_N,51.66666667
102C_2022,102C_2_2022,PF_I,0
102C_2022,102C_2_2022,GAP,5
102C_2022,102C_28_2022,AF_I,3.333333333
102C_2022,102C_28_2022,AF_N,33.33333333
102C_2022,102C_28_2022,AG_I,58.33333333
102C_2022,102C_28_2022,PF_N,36.66666667
102C_2022,102C_28_2022,PG_I,0
102C_2022,102C_28_2022,PG_N,28.33333333
102C_2022,102C_28_2022,SH_N,51.66666667
102C_2022,102C_28_2022,PF_I,0
102C_2022,102C_28_2022,GAP,0
102T_2022,102T_15_2022,AF_I,0
102T_2022,102T_15_2022,AF_N,5
102T_2022,102T_15_2022,AG_I,6.666666667
102T_2022,102T_15_2022,PF_N,13.33333333
102T_2022,102T_15_2022,PG_I,0
102T_2022,102T_15_2022,PG_N,70
102T_2022,102T_15_2022,SH_N,55
102T_2022,102T_15_2022,PF_I,0
102T_2022,102T_15_2022,GAP,6.666666667
102T_2022,102T_2_2022,AF_I,0
102T_2022,102T_2_2022,AF_N,3.333333333
102T_2022,102T_2_2022,AG_I,11.66666667
102T_2022,102T_2_2022,PF_N,20
102T_2022,102T_2_2022,PG_I,0
102T_2022,102T_2_2022,PG_N,41.66666667
102T_2022,102T_2_2022,SH_N,78.33333333
102T_2022,102T_2_2022,PF_I,0
102T_2022,102T_2_2022,GAP,3.333333333
102T_2022,102T_28_2022,AF_I,0
102T_2022,102T_28_2022,AF_N,11.66666667
102T_2022,102T_28_2022,AG_I,25
102T_2022,102T_28_2022,PF_N,15
102T_2022,102T_28_2022,PG_I,0
102T_2022,102T_28_2022,PG_N,58.33333333
102T_2022,102T_28_2022,SH_N,65
102T_2022,102T_28_2022,PF_I,0
102T_2022,102T_28_2022,GAP,6.666666667
103C_2022,103C_15_2022,AF_I,0
103C_2022,103C_15_2022,AF_N,15
103C_2022,103C_15_2022,AG_I,11.66666667
103C_2022,103C_15_2022,PF_N,28.33333333
103C_2022,103C_15_2022,PG_I,0
103C_2022,103C_15_2022,PG_N,33.33333333
103C_2022,103C_15_2022,SH_N,51.66666667
103C_2022,103C_15_2022,PF_I,0
103C_2022,103C_15_2022,GAP,15
103C_2022,103C_2_2022,AF_I,0
103C_2022,103C_2_2022,AF_N,16.66666667
103C_2022,103C_2_2022,AG_I,13.33333333
103C_2022,103C_2_2022,PF_N,26.66666667
103C_2022,103C_2_2022,PG_I,0
103C_2022,103C_2_2022,PG_N,41.66666667
103C_2022,103C_2_2022,SH_N,45
103C_2022,103C_2_2022,PF_I,0
103C_2022,103C_2_2022,GAP,20
103C_2022,103C_28_2022,AF_I,1.666666667
103C_2022,103C_28_2022,AF_N,8.333333333
103C_2022,103C_28_2022,AG_I,11.66666667
103C_2022,103C_28_2022,PF_N,20
103C_2022,103C_28_2022,PG_I,0
103C_2022,103C_28_2022,PG_N,43.33333333
103C_2022,103C_28_2022,SH_N,58.33333333
103C_2022,103C_28_2022,PF_I,0
103C_2022,103C_28_2022,GAP,13.33333333
103T_2022,103T_15_2022,AF_I,1.666666667
103T_2022,103T_15_2022,AF_N,0
103T_2022,103T_15_2022,AG_I,0
103T_2022,103T_15_2022,PF_N,6.666666667
103T_2022,103T_15_2022,PG_I,0
103T_2022,103T_15_2022,PG_N,58.33333333
103T_2022,103T_15_2022,SH_N,58.33333333
103T_2022,103T_15_2022,PF_I,0
103T_2022,103T_15_2022,GAP,21.66666667
103T_2022,103T_2_2022,AF_I,0
103T_2022,103T_2_2022,AF_N,0
103T_2022,103T_2_2022,AG_I,0
103T_2022,103T_2_2022,PF_N,13.33333333
103T_2022,103T_2_2022,PG_I,0
103T_2022,103T_2_2022,PG_N,45
103T_2022,103T_2_2022,SH_N,41.66666667
103T_2022,103T_2_2022,PF_I,0
103T_2022,103T_2_2022,GAP,23.33333333
103T_2022,103T_28_2022,AF_I,0
103T_2022,103T_28_2022,AF_N,3.333333333
103T_2022,103T_28_2022,AG_I,1.666666667
103T_2022,103T_28_2022,PF_N,23.33333333
103T_2022,103T_28_2022,PG_I,0
103T_2022,103T_28_2022,PG_N,41.66666667
103T_2022,103T_28_2022,SH_N,55
103T_2022,103T_28_2022,PF_I,0
103T_2022,103T_28_2022,GAP,18.33333333
104C_2022,104C_15_2022,AF_I,0
104C_2022,104C_15_2022,AF_N,16.66666667
104C_2022,104C_15_2022,AG_I,26.66666667
104C_2022,104C_15_2022,PF_N,16.66666667
104C_2022,104C_15_2022,PG_I,0
104C_2022,104C_15_2022,PG_N,28.33333333
104C_2022,104C_15_2022,SH_N,31.66666667
104C_2022,104C_15_2022,PF_I,0
104C_2022,104C_15_2022,GAP,25
104C_2022,104C_2_2022,AF_I,0
104C_2022,104C_2_2022,AF_N,15
104C_2022,104C_2_2022,AG_I,15
104C_2022,104C_2_2022,PF_N,11.66666667
104C_2022,104C_2_2022,PG_I,0
104C_2022,104C_2_2022,PG_N,58.33333333
104C_2022,104C_2_2022,SH_N,51.66666667
104C_2022,104C_2_2022,PF_I,0
104C_2022,104C_2_2022,GAP,10
104C_2022,104C_28_2022,AF_I,0
104C_2022,104C_28_2022,AF_N,10
104C_2022,104C_28_2022,AG_I,23.33333333
104C_2022,104C_28_2022,PF_N,13.33333333
104C_2022,104C_28_2022,PG_I,0
104C_2022,104C_28_2022,PG_N,28.33333333
104C_2022,104C_28_2022,SH_N,41.66666667
104C_2022,104C_28_2022,PF_I,0
104C_2022,104C_28_2022,GAP,25
104T_2022,104T_15_2022,AF_I,1.666666667
104T_2022,104T_15_2022,AF_N,10
104T_2022,104T_15_2022,AG_I,1.666666667
104T_2022,104T_15_2022,PF_N,51.66666667
104T_2022,104T_15_2022,PG_I,0
104T_2022,104T_15_2022,PG_N,46.66666667
104T_2022,104T_15_2022,SH_N,33.33333333
104T_2022,104T_15_2022,PF_I,0
104T_2022,104T_15_2022,GAP,11.66666667
104T_2022,104T_28_2022,AF_I,0
104T_2022,104T_28_2022,AF_N,0
104T_2022,104T_28_2022,AG_I,0
104T_2022,104T_28_2022,PF_N,31.66666667
104T_2022,104T_28_2022,PG_I,0
104T_2022,104T_28_2022,PG_N,20
104T_2022,104T_28_2022,SH_N,26.66666667
104T_2022,104T_28_2022,PF_I,0
104T_2022,104T_28_2022,GAP,35
105C_2022,105C_15_2022,AF_I,3.333333333
105C_2022,105C_15_2022,AF_N,50
105C_2022,105C_15_2022,AG_I,66.66666667
105C_2022,105C_15_2022,PF_N,73.33333333
105C_2022,105C_15_2022,PG_I,0
105C_2022,105C_15_2022,PG_N,88.33333333
105C_2022,105C_15_2022,SH_N,88.33333333
105C_2022,105C_15_2022,PF_I,0
105C_2022,105C_15_2022,GAP,21.66666667
105C_2022,105C_2_2022,AF_I,1.666666667
105C_2022,105C_2_2022,AF_N,28.33333333
105C_2022,105C_2_2022,AG_I,15
105C_2022,105C_2_2022,PF_N,18.33333333
105C_2022,105C_2_2022,PG_I,1.666666667
105C_2022,105C_2_2022,PG_N,65
105C_2022,105C_2_2022,SH_N,70
105C_2022,105C_2_2022,PF_I,0
105C_2022,105C_2_2022,GAP,1.666666667
105C_2022,105C_28_2022,AF_I,0
105C_2022,105C_28_2022,AF_N,8.333333333
105C_2022,105C_28_2022,AG_I,3.333333333
105C_2022,105C_28_2022,PF_N,28.33333333
105C_2022,105C_28_2022,PG_I,0
105C_2022,105C_28_2022,PG_N,55
105C_2022,105C_28_2022,SH_N,20
105C_2022,105C_28_2022,PF_I,0
105C_2022,105C_28_2022,GAP,18.33333333
105T_2022,105T_2_2022,AF_I,6.666666667
105T_2022,105T_2_2022,AF_N,21.66666667
105T_2022,105T_2_2022,AG_I,6.666666667
105T_2022,105T_2_2022,PF_N,43.33333333
105T_2022,105T_2_2022,PG_I,0
105T_2022,105T_2_2022,PG_N,85
105T_2022,105T_2_2022,SH_N,65
105T_2022,105T_2_2022,PF_I,0
105T_2022,105T_2_2022,GAP,11.66666667
105T_2022,105T_28_2022,AF_I,3.333333333
105T_2022,105T_28_2022,AF_N,3.333333333
105T_2022,105T_28_2022,AG_I,3.333333333
105T_2022,105T_28_2022,PF_N,68.33333333
105T_2022,105T_28_2022,PG_I,1.666666667
105T_2022,105T_28_2022,PG_N,90
105T_2022,105T_28_2022,SH_N,68.33333333
105T_2022,105T_28_2022,PF_I,1.666666667
105T_2022,105T_28_2022,GAP,23.33333333
201C_2022,201C_15_2022,AF_I,6.666666667
201C_2022,201C_15_2022,AF_N,6.666666667
201C_2022,201C_15_2022,AG_I,31.66666667
201C_2022,201C_15_2022,PF_N,25
201C_2022,201C_15_2022,PG_I,0
201C_2022,201C_15_2022,PG_N,28.33333333
201C_2022,201C_15_2022,SH_N,51.66666667
201C_2022,201C_15_2022,PF_I,0
201C_2022,201C_15_2022,GAP,20
201C_2022,201C_2_2022,AF_I,6.666666667
201C_2022,201C_2_2022,AF_N,5
201C_2022,201C_2_2022,AG_I,45
201C_2022,201C_2_2022,PF_N,10
201C_2022,201C_2_2022,PG_I,0
201C_2022,201C_2_2022,PG_N,10
201C_2022,201C_2_2022,SH_N,56.66666667
201C_2022,201C_2_2022,PF_I,0
201C_2022,201C_2_2022,GAP,15
201C_2022,201C_28_2022,AF_I,0
201C_2022,201C_28_2022,AF_N,6.666666667
201C_2022,201C_28_2022,AG_I,11.66666667
201C_2022,201C_28_2022,PF_N,18.33333333
201C_2022,201C_28_2022,PG_I,0
201C_2022,201C_28_2022,PG_N,15
201C_2022,201C_28_2022,SH_N,41.66666667
201C_2022,201C_28_2022,PF_I,0
201C_2022,201C_28_2022,GAP,40
201T_2022,201T_15_2022,AF_I,0
201T_2022,201T_15_2022,AF_N,6.666666667
201T_2022,201T_15_2022,AG_I,1.666666667
201T_2022,201T_15_2022,PF_N,15
201T_2022,201T_15_2022,PG_I,0
201T_2022,201T_15_2022,PG_N,56.66666667
201T_2022,201T_15_2022,SH_N,73.33333333
201T_2022,201T_15_2022,PF_I,0
201T_2022,201T_15_2022,GAP,6.666666667
201T_2022,201T_2_2022,AF_I,0
201T_2022,201T_2_2022,AF_N,18.33333333
201T_2022,201T_2_2022,AG_I,10
201T_2022,201T_2_2022,PF_N,11.66666667
201T_2022,201T_2_2022,PG_I,0
201T_2022,201T_2_2022,PG_N,40
201T_2022,201T_2_2022,SH_N,83.33333333
201T_2022,201T_2_2022,PF_I,0
201T_2022,201T_2_2022,GAP,3.333333333
201T_2022,201T_28_2022,AF_I,0
201T_2022,201T_28_2022,AF_N,13.33333333
201T_2022,201T_28_2022,AG_I,16.66666667
201T_2022,201T_28_2022,PF_N,13.33333333
201T_2022,201T_28_2022,PG_I,0
201T_2022,201T_28_2022,PG_N,50
201T_2022,201T_28_2022,SH_N,90
201T_2022,201T_28_2022,PF_I,0
201T_2022,201T_28_2022,GAP,3.333333333
202C_2022,202C_15_2022,AF_I,3.333333333
202C_2022,202C_15_2022,AF_N,8.333333333
202C_2022,202C_15_2022,AG_I,51.66666667
202C_2022,202C_15_2022,PF_N,16.66666667
202C_2022,202C_15_2022,PG_I,0
202C_2022,202C_15_2022,PG_N,33.33333333
202C_2022,202C_15_2022,SH_N,75
202C_2022,202C_15_2022,PF_I,0
202C_2022,202C_15_2022,GAP,3.333333333
202C_2022,202C_2_2022,AF_I,6.666666667
202C_2022,202C_2_2022,AF_N,1.666666667
202C_2022,202C_2_2022,AG_I,38.33333333
202C_2022,202C_2_2022,PF_N,28.33333333
202C_2022,202C_2_2022,PG_I,0
202C_2022,202C_2_2022,PG_N,25
202C_2022,202C_2_2022,SH_N,60
202C_2022,202C_2_2022,PF_I,0
202C_2022,202C_2_2022,GAP,15
202C_2022,202C_28_2022,AF_I,1.666666667
202C_2022,202C_28_2022,AF_N,35
202C_2022,202C_28_2022,AG_I,43.33333333
202C_2022,202C_28_2022,PF_N,25
202C_2022,202C_28_2022,PG_I,0
202C_2022,202C_28_2022,PG_N,43.33333333
202C_2022,202C_28_2022,SH_N,61.66666667
202C_2022,202C_28_2022,PF_I,0
202C_2022,202C_28_2022,GAP,3.333333333
202T_2022,202T_15_2022,AF_I,0
202T_2022,202T_15_2022,AF_N,11.66666667
202T_2022,202T_15_2022,AG_I,16.66666667
202T_2022,202T_15_2022,PF_N,16.66666667
202T_2022,202T_15_2022,PG_I,0
202T_2022,202T_15_2022,PG_N,41.66666667
202T_2022,202T_15_2022,SH_N,68.33333333
202T_2022,202T_15_2022,PF_I,0
202T_2022,202T_15_2022,GAP,8.333333333
202T_2022,202T_2_2022,AF_I,0
202T_2022,202T_2_2022,AF_N,13.33333333
202T_2022,202T_2_2022,AG_I,13.33333333
202T_2022,202T_2_2022,PF_N,18.33333333
202T_2022,202T_2_2022,PG_I,0
202T_2022,202T_2_2022,PG_N,56.66666667
202T_2022,202T_2_2022,SH_N,75
202T_2022,202T_2_2022,PF_I,0
202T_2022,202T_2_2022,GAP,0
202T_2022,202T_28_2022,AF_I,0
202T_2022,202T_28_2022,AF_N,8.333333333
202T_2022,202T_28_2022,AG_I,13.33333333
202T_2022,202T_28_2022,PF_N,13.33333333
202T_2022,202T_28_2022,PG_I,0
202T_2022,202T_28_2022,PG_N,50
202T_2022,202T_28_2022,SH_N,55
202T_2022,202T_28_2022,PF_I,0
202T_2022,202T_28_2022,GAP,15
203C_2022,203C_15_2022,AF_I,0
203C_2022,203C_15_2022,AF_N,20
203C_2022,203C_15_2022,AG_I,21.66666667
203C_2022,203C_15_2022,PF_N,45
203C_2022,203C_15_2022,PG_I,0
203C_2022,203C_15_2022,PG_N,76.66666667
203C_2022,203C_15_2022,SH_N,71.66666667
203C_2022,203C_15_2022,PF_I,0
203C_2022,203C_15_2022,GAP,3.333333333
203C_2022,203C_2_2022,AF_I,0
203C_2022,203C_2_2022,AF_N,11.66666667
203C_2022,203C_2_2022,AG_I,6.666666667
203C_2022,203C_2_2022,PF_N,46.66666667
203C_2022,203C_2_2022,PG_I,1.666666667
203C_2022,203C_2_2022,PG_N,36.66666667
203C_2022,203C_2_2022,SH_N,71.66666667
203C_2022,203C_2_2022,PF_I,0
203C_2022,203C_2_2022,GAP,3.333333333
203C_2022,203C_28_2022,AF_I,0
203C_2022,203C_28_2022,AF_N,15
203C_2022,203C_28_2022,AG_I,10
203C_2022,203C_28_2022,PF_N,40
203C_2022,203C_28_2022,PG_I,0
203C_2022,203C_28_2022,PG_N,68.33333333
203C_2022,203C_28_2022,SH_N,56.66666667
203C_2022,203C_28_2022,PF_I,0
203C_2022,203C_28_2022,GAP,1.666666667
203T_2022,203T_2_2022,AF_I,0
203T_2022,203T_2_2022,AF_N,0
203T_2022,203T_2_2022,AG_I,0
203T_2022,203T_2_2022,PF_N,43.33333333
203T_2022,203T_2_2022,PG_I,0
203T_2022,203T_2_2022,PG_N,41.66666667
203T_2022,203T_2_2022,SH_N,70
203T_2022,203T_2_2022,PF_I,0
203T_2022,203T_2_2022,GAP,8.333333333
203T_2022,203T_28_2022,AF_I,0
203T_2022,203T_28_2022,AF_N,1.666666667
203T_2022,203T_28_2022,AG_I,1.666666667
203T_2022,203T_28_2022,PF_N,20
203T_2022,203T_28_2022,PG_I,1.666666667
203T_2022,203T_28_2022,PG_N,86.66666667
203T_2022,203T_28_2022,SH_N,81.66666667
203T_2022,203T_28_2022,PF_I,1.666666667
203T_2022,203T_28_2022,GAP,20
204C_2022,204C_2_2022,AF_I,1.666666667
204C_2022,204C_2_2022,AF_N,6.666666667
204C_2022,204C_2_2022,AG_I,20
204C_2022,204C_2_2022,PF_N,26.66666667
204C_2022,204C_2_2022,PG_I,1.666666667
204C_2022,204C_2_2022,PG_N,46.66666667
204C_2022,204C_2_2022,SH_N,50
204C_2022,204C_2_2022,PF_I,0
204C_2022,204C_2_2022,GAP,8.333333333
204C_2022,204C_28_2022,AF_I,1.666666667
204C_2022,204C_28_2022,AF_N,10
204C_2022,204C_28_2022,AG_I,46.66666667
204C_2022,204C_28_2022,PF_N,30
204C_2022,204C_28_2022,PG_I,0
204C_2022,204C_28_2022,PG_N,51.66666667
204C_2022,204C_28_2022,SH_N,51.66666667
204C_2022,204C_28_2022,PF_I,0
204C_2022,204C_28_2022,GAP,3.333333333
204T_2022,204T_15_2022,AF_I,0
204T_2022,204T_15_2022,AF_N,8.333333333
204T_2022,204T_15_2022,AG_I,13.33333333
204T_2022,204T_15_2022,PF_N,26.66666667
204T_2022,204T_15_2022,PG_I,1.666666667
204T_2022,204T_15_2022,PG_N,73.33333333
204T_2022,204T_15_2022,SH_N,51.66666667
204T_2022,204T_15_2022,PF_I,0
204T_2022,204T_15_2022,GAP,11.66666667
204T_2022,204T_2_2022,AF_I,0
204T_2022,204T_2_2022,AF_N,3.333333333
204T_2022,204T_2_2022,AG_I,3.333333333
204T_2022,204T_2_2022,PF_N,25
204T_2022,204T_2_2022,PG_I,0
204T_2022,204T_2_2022,PG_N,43.33333333
204T_2022,204T_2_2022,SH_N,50
204T_2022,204T_2_2022,PF_I,0
204T_2022,204T_2_2022,GAP,21.66666667
204T_2022,204T_28_2022,AF_I,0
204T_2022,204T_28_2022,AF_N,1.666666667
204T_2022,204T_28_2022,AG_I,11.66666667
204T_2022,204T_28_2022,PF_N,33.33333333
204T_2022,204T_28_2022,PG_I,0
204T_2022,204T_28_2022,PG_N,53.33333333
204T_2022,204T_28_2022,SH_N,51.66666667
204T_2022,204T_28_2022,PF_I,0
204T_2022,204T_28_2022,GAP,16.66666667
301C_2022,301C_15_2022,AF_I,0
301C_2022,301C_15_2022,AF_N,16.66666667
301C_2022,301C_15_2022,AG_I,38.33333333
301C_2022,301C_15_2022,PF_N,23.33333333
301C_2022,301C_15_2022,PG_I,1.666666667
301C_2022,301C_15_2022,PG_N,33.33333333
301C_2022,301C_15_2022,SH_N,51.66666667
301C_2022,301C_15_2022,PF_I,0
301C_2022,301C_15_2022,GAP,10
301C_2022,301C_2_2022,AF_I,0
301C_2022,301C_2_2022,AF_N,13.33333333
301C_2022,301C_2_2022,AG_I,15
301C_2022,301C_2_2022,PF_N,20
301C_2022,301C_2_2022,PG_I,16.66666667
301C_2022,301C_2_2022,PG_N,26.66666667
301C_2022,301C_2_2022,SH_N,21.66666667
301C_2022,301C_2_2022,PF_I,0
301C_2022,301C_2_2022,GAP,28.33333333
301C_2022,301C_28_2022,AF_I,0
301C_2022,301C_28_2022,AF_N,11.66666667
301C_2022,301C_28_2022,AG_I,16.66666667
301C_2022,301C_28_2022,PF_N,25
301C_2022,301C_28_2022,PG_I,0
301C_2022,301C_28_2022,PG_N,26.66666667
301C_2022,301C_28_2022,SH_N,20
301C_2022,301C_28_2022,PF_I,0
301C_2022,301C_28_2022,GAP,31.66666667
301T_2022,301T_15_2022,AF_I,0
301T_2022,301T_15_2022,AF_N,5
301T_2022,301T_15_2022,AG_I,1.666666667
301T_2022,301T_15_2022,PF_N,46.66666667
301T_2022,301T_15_2022,PG_I,3.333333333
301T_2022,301T_15_2022,PG_N,80
301T_2022,301T_15_2022,SH_N,1.666666667
301T_2022,301T_15_2022,PF_I,0
301T_2022,301T_15_2022,GAP,5
301T_2022,301T_2_2022,AF_I,0
301T_2022,301T_2_2022,AF_N,0
301T_2022,301T_2_2022,AG_I,1.666666667
301T_2022,301T_2_2022,PF_N,26.66666667
301T_2022,301T_2_2022,PG_I,5
301T_2022,301T_2_2022,PG_N,51.66666667
301T_2022,301T_2_2022,SH_N,1.666666667
301T_2022,301T_2_2022,PF_I,0
301T_2022,301T_2_2022,GAP,30
301T_2022,301T_28_2022,AF_I,0
301T_2022,301T_28_2022,AF_N,5
301T_2022,301T_28_2022,AG_I,1.666666667
301T_2022,301T_28_2022,PF_N,20
301T_2022,301T_28_2022,PG_I,11.66666667
301T_2022,301T_28_2022,PG_N,50
301T_2022,301T_28_2022,SH_N,36.66666667
301T_2022,301T_28_2022,PF_I,0
301T_2022,301T_28_2022,GAP,21.66666667
302C_2022,302C_15_2022,AF_I,10
302C_2022,302C_15_2022,AF_N,10
302C_2022,302C_15_2022,AG_I,55
302C_2022,302C_15_2022,PF_N,35
302C_2022,302C_15_2022,PG_I,0
302C_2022,302C_15_2022,PG_N,36.66666667
302C_2022,302C_15_2022,SH_N,5
302C_2022,302C_15_2022,PF_I,0
302C_2022,302C_15_2022,GAP,11.66666667
302C_2022,302C_2_2022,AF_I,10
302C_2022,302C_2_2022,AF_N,20
302C_2022,302C_2_2022,AG_I,46.66666667
302C_2022,302C_2_2022,PF_N,30
302C_2022,302C_2_2022,PG_I,3.333333333
302C_2022,302C_2_2022,PG_N,58.33333333
302C_2022,302C_2_2022,SH_N,11.66666667
302C_2022,302C_2_2022,PF_I,0
302C_2022,302C_2_2022,GAP,6.666666667
302C_2022,302C_28_2022,AF_I,5
302C_2022,302C_28_2022,AF_N,18.33333333
302C_2022,302C_28_2022,AG_I,50
302C_2022,302C_28_2022,PF_N,21.66666667
302C_2022,302C_28_2022,PG_I,0
302C_2022,302C_28_2022,PG_N,45
302C_2022,302C_28_2022,SH_N,11.66666667
302C_2022,302C_28_2022,PF_I,0
302C_2022,302C_28_2022,GAP,5
302T_2022,302T_15_2022,AF_I,5
302T_2022,302T_15_2022,AF_N,3.333333333
302T_2022,302T_15_2022,AG_I,1.666666667
302T_2022,302T_15_2022,PF_N,30
302T_2022,302T_15_2022,PG_I,0
302T_2022,302T_15_2022,PG_N,63.33333333
302T_2022,302T_15_2022,SH_N,18.33333333
302T_2022,302T_15_2022,PF_I,0
302T_2022,302T_15_2022,GAP,18.33333333
302T_2022,302T_2_2022,AF_I,11.66666667
302T_2022,302T_2_2022,AF_N,21.66666667
302T_2022,302T_2_2022,AG_I,18.33333333
302T_2022,302T_2_2022,PF_N,18.33333333
302T_2022,302T_2_2022,PG_I,0
302T_2022,302T_2_2022,PG_N,43.33333333
302T_2022,302T_2_2022,SH_N,23.33333333
302T_2022,302T_2_2022,PF_I,0
302T_2022,302T_2_2022,GAP,13.33333333
302T_2022,302T_28_2022,AF_I,3.333333333
302T_2022,302T_28_2022,AF_N,0
302T_2022,302T_28_2022,AG_I,0
302T_2022,302T_28_2022,PF_N,41.66666667
302T_2022,302T_28_2022,PG_I,0
302T_2022,302T_28_2022,PG_N,58.33333333
302T_2022,302T_28_2022,SH_N,16.66666667
302T_2022,302T_28_2022,PF_I,0
302T_2022,302T_28_2022,GAP,13.33333333
303C_2022,303C_15_2022,AF_I,5
303C_2022,303C_15_2022,AF_N,16.66666667
303C_2022,303C_15_2022,AG_I,48.33333333
303C_2022,303C_15_2022,PF_N,21.66666667
303C_2022,303C_15_2022,PG_I,0
303C_2022,303C_15_2022,PG_N,40
303C_2022,303C_15_2022,SH_N,20
303C_2022,303C_15_2022,PF_I,0
303C_2022,303C_15_2022,GAP,8.333333333
303C_2022,303C_2_2022,AF_I,10
303C_2022,303C_2_2022,AF_N,8.333333333
303C_2022,303C_2_2022,AG_I,40
303C_2022,303C_2_2022,PF_N,46.66666667
303C_2022,303C_2_2022,PG_I,0
303C_2022,303C_2_2022,PG_N,35
303C_2022,303C_2_2022,SH_N,18.33333333
303C_2022,303C_2_2022,PF_I,0
303C_2022,303C_2_2022,GAP,5
303C_2022,303C_28_2022,AF_I,0
303C_2022,303C_28_2022,AF_N,13.33333333
303C_2022,303C_28_2022,AG_I,35
303C_2022,303C_28_2022,PF_N,36.66666667
303C_2022,303C_28_2022,PG_I,0
303C_2022,303C_28_2022,PG_N,46.66666667
303C_2022,303C_28_2022,SH_N,10
303C_2022,303C_28_2022,PF_I,0
303C_2022,303C_28_2022,GAP,11.66666667
303T_2022,303T_15_2022,AF_I,11.66666667
303T_2022,303T_15_2022,AF_N,20
303T_2022,303T_15_2022,AG_I,30
303T_2022,303T_15_2022,PF_N,35
303T_2022,303T_15_2022,PG_I,0
303T_2022,303T_15_2022,PG_N,28.33333333
303T_2022,303T_15_2022,SH_N,13.33333333
303T_2022,303T_15_2022,PF_I,0
303T_2022,303T_15_2022,GAP,21.66666667
303T_2022,303T_2_2022,AF_I,11.66666667
303T_2022,303T_2_2022,AF_N,15
303T_2022,303T_2_2022,AG_I,41.66666667
303T_2022,303T_2_2022,PF_N,30
303T_2022,303T_2_2022,PG_I,0
303T_2022,303T_2_2022,PG_N,43.33333333
303T_2022,303T_2_2022,SH_N,31.66666667
303T_2022,303T_2_2022,PF_I,0
303T_2022,303T_2_2022,GAP,5
303T_2022,303T_28_2022,AF_I,8.333333333
303T_2022,303T_28_2022,AF_N,13.33333333
303T_2022,303T_28_2022,AG_I,18.33333333
303T_2022,303T_28_2022,PF_N,28.33333333
303T_2022,303T_28_2022,PG_I,3.333333333
303T_2022,303T_28_2022,PG_N,46.66666667
303T_2022,303T_28_2022,SH_N,25
303T_2022,303T_28_2022,PF_I,0
303T_2022,303T_28_2022,GAP,15
304C_2022,304C_15_2022,AF_I,0
304C_2022,304C_15_2022,AF_N,8.333333333
304C_2022,304C_15_2022,AG_I,18.33333333
304C_2022,304C_15_2022,PF_N,40
304C_2022,304C_15_2022,PG_I,0
304C_2022,304C_15_2022,PG_N,28.33333333
304C_2022,304C_15_2022,SH_N,16.66666667
304C_2022,304C_15_2022,PF_I,0
304C_2022,304C_15_2022,GAP,21.66666667
304C_2022,304C_2_2022,AF_I,0
304C_2022,304C_2_2022,AF_N,3.333333333
304C_2022,304C_2_2022,AG_I,25
304C_2022,304C_2_2022,PF_N,30
304C_2022,304C_2_2022,PG_I,0
304C_2022,304C_2_2022,PG_N,30
304C_2022,304C_2_2022,SH_N,3.333333333
304C_2022,304C_2_2022,PF_I,0
304C_2022,304C_2_2022,GAP,25
304C_2022,304C_28_2022,AF_I,0
304C_2022,304C_28_2022,AF_N,5
304C_2022,304C_28_2022,AG_I,35
304C_2022,304C_28_2022,PF_N,38.33333333
304C_2022,304C_28_2022,PG_I,0
304C_2022,304C_28_2022,PG_N,33.33333333
304C_2022,304C_28_2022,SH_N,8.333333333
304C_2022,304C_28_2022,PF_I,0
304C_2022,304C_28_2022,GAP,28.33333333
304T_2022,304T_15_2022,AF_I,5
304T_2022,304T_15_2022,AF_N,8.333333333
304T_2022,304T_15_2022,AG_I,3.333333333
304T_2022,304T_15_2022,PF_N,25
304T_2022,304T_15_2022,PG_I,0
304T_2022,304T_15_2022,PG_N,25
304T_2022,304T_15_2022,SH_N,10
304T_2022,304T_15_2022,PF_I,0
304T_2022,304T_15_2022,GAP,43.33333333
304T_2022,304T_2_2022,AF_I,0
304T_2022,304T_2_2022,AF_N,5
304T_2022,304T_2_2022,AG_I,0
304T_2022,304T_2_2022,PF_N,15
304T_2022,304T_2_2022,PG_I,0
304T_2022,304T_2_2022,PG_N,20
304T_2022,304T_2_2022,SH_N,20
304T_2022,304T_2_2022,PF_I,0
304T_2022,304T_2_2022,GAP,51.66666667
304T_2022,304T_28_2022,AF_I,3.333333333
304T_2022,304T_28_2022,AF_N,0
304T_2022,304T_28_2022,AG_I,8.333333333
304T_2022,304T_28_2022,PF_N,10
304T_2022,304T_28_2022,PG_I,0
304T_2022,304T_28_2022,PG_N,31.66666667
304T_2022,304T_28_2022,SH_N,33.33333333
304T_2022,304T_28_2022,PF_I,0
304T_2022,304T_28_2022,GAP,40
305T_2022,305T_15_2022,AF_I,10
305T_2022,305T_15_2022,AF_N,1.666666667
305T_2022,305T_15_2022,AG_I,6.666666667
305T_2022,305T_15_2022,PF_N,33.33333333
305T_2022,305T_15_2022,PG_I,5
305T_2022,305T_15_2022,PG_N,60
305T_2022,305T_15_2022,SH_N,11.66666667
305T_2022,305T_15_2022,PF_I,0
305T_2022,305T_15_2022,GAP,16.66666667
305T_2022,305T_2_2022,AF_I,0
305T_2022,305T_2_2022,AF_N,3.333333333
305T_2022,305T_2_2022,AG_I,13.33333333
305T_2022,305T_2_2022,PF_N,16.66666667
305T_2022,305T_2_2022,PG_I,0
305T_2022,305T_2_2022,PG_N,33.33333333
305T_2022,305T_2_2022,SH_N,43.33333333
305T_2022,305T_2_2022,PF_I,0
305T_2022,305T_2_2022,GAP,26.66666667
305T_2022,305T_28_2022,AF_I,3.333333333
305T_2022,305T_28_2022,AF_N,3.333333333
305T_2022,305T_28_2022,AG_I,11.66666667
305T_2022,305T_28_2022,PF_N,31.66666667
305T_2022,305T_28_2022,PG_I,0
305T_2022,305T_28_2022,PG_N,58.33333333
305T_2022,305T_28_2022,SH_N,40
305T_2022,305T_28_2022,PF_I,0
305T_2022,305T_28_2022,GAP,10
401C_2022,401C_15_2022,AF_I,11.66666667
401C_2022,401C_15_2022,AF_N,30
401C_2022,401C_15_2022,AG_I,23.33333333
401C_2022,401C_15_2022,PF_N,20
401C_2022,401C_15_2022,PG_I,0
401C_2022,401C_15_2022,PG_N,31.66666667
401C_2022,401C_15_2022,SH_N,15
401C_2022,401C_15_2022,PF_I,0
401C_2022,401C_15_2022,GAP,18.33333333
401C_2022,401C_2_2022,AF_I,8.333333333
401C_2022,401C_2_2022,AF_N,25
401C_2022,401C_2_2022,AG_I,15
401C_2022,401C_2_2022,PF_N,25
401C_2022,401C_2_2022,PG_I,0
401C_2022,401C_2_2022,PG_N,31.66666667
401C_2022,401C_2_2022,SH_N,26.66666667
401C_2022,401C_2_2022,PF_I,0
401C_2022,401C_2_2022,GAP,15
401C_2022,401C_28_2022,AF_I,1.666666667
401C_2022,401C_28_2022,AF_N,8.333333333
401C_2022,401C_28_2022,AG_I,45
401C_2022,401C_28_2022,PF_N,5
401C_2022,401C_28_2022,PG_I,0
401C_2022,401C_28_2022,PG_N,25
401C_2022,401C_28_2022,SH_N,33.33333333
401C_2022,401C_28_2022,PF_I,0
401C_2022,401C_28_2022,GAP,16.66666667
401T_2022,401T_15_2022,AF_I,0
401T_2022,401T_15_2022,AF_N,3.333333333
401T_2022,401T_15_2022,AG_I,1.666666667
401T_2022,401T_15_2022,PF_N,11.66666667
401T_2022,401T_15_2022,PG_I,0
401T_2022,401T_15_2022,PG_N,20
401T_2022,401T_15_2022,SH_N,3.333333333
401T_2022,401T_15_2022,PF_I,0
401T_2022,401T_15_2022,GAP,65
401T_2022,401T_2_2022,AF_I,6.666666667
401T_2022,401T_2_2022,AF_N,50
401T_2022,401T_2_2022,AG_I,13.33333333
401T_2022,401T_2_2022,PF_N,1.666666667
401T_2022,401T_2_2022,PG_I,0
401T_2022,401T_2_2022,PG_N,18.33333333
401T_2022,401T_2_2022,SH_N,0
401T_2022,401T_2_2022,PF_I,0
401T_2022,401T_2_2022,GAP,23.33333333
401T_2022,401T_28_2022,AF_I,1.666666667
401T_2022,401T_28_2022,AF_N,0
401T_2022,401T_28_2022,AG_I,1.666666667
401T_2022,401T_28_2022,PF_N,1.666666667
401T_2022,401T_28_2022,PG_I,0
401T_2022,401T_28_2022,PG_N,55
401T_2022,401T_28_2022,SH_N,0
401T_2022,401T_28_2022,PF_I,0
401T_2022,401T_28_2022,GAP,41.66666667
402C_2022,402C_15_2022,AF_I,8.333333333
402C_2022,402C_15_2022,AF_N,3.333333333
402C_2022,402C_15_2022,AG_I,20
402C_2022,402C_15_2022,PF_N,18.33333333
402C_2022,402C_15_2022,PG_I,0
402C_2022,402C_15_2022,PG_N,41.66666667
402C_2022,402C_15_2022,SH_N,0
402C_2022,402C_15_2022,PF_I,0
402C_2022,402C_15_2022,GAP,21.66666667
402C_2022,402C_2_2022,AF_I,20
402C_2022,402C_2_2022,AF_N,23.33333333
402C_2022,402C_2_2022,AG_I,68.33333333
402C_2022,402C_2_2022,PF_N,13.33333333
402C_2022,402C_2_2022,PG_I,0
402C_2022,402C_2_2022,PG_N,41.66666667
402C_2022,402C_2_2022,SH_N,18.33333333
402C_2022,402C_2_2022,PF_I,0
402C_2022,402C_2_2022,GAP,1.666666667
402C_2022,402C_28_2022,AF_I,6.666666667
402C_2022,402C_28_2022,AF_N,8.333333333
402C_2022,402C_28_2022,AG_I,23.33333333
402C_2022,402C_28_2022,PF_N,31.66666667
402C_2022,402C_28_2022,PG_I,0
402C_2022,402C_28_2022,PG_N,50
402C_2022,402C_28_2022,SH_N,5
402C_2022,402C_28_2022,PF_I,0
402C_2022,402C_28_2022,GAP,25
402T_2022,402T_15_2022,AF_I,5
402T_2022,402T_15_2022,AF_N,0
402T_2022,402T_15_2022,AG_I,5
402T_2022,402T_15_2022,PF_N,16.66666667
402T_2022,402T_15_2022,PG_I,0
402T_2022,402T_15_2022,PG_N,6.666666667
402T_2022,402T_15_2022,SH_N,1.666666667
402T_2022,402T_15_2022,PF_I,0
402T_2022,402T_15_2022,GAP,66.66666667
402T_2022,402T_2_2022,AF_I,3.333333333
402T_2022,402T_2_2022,AF_N,1.666666667
402T_2022,402T_2_2022,AG_I,5
402T_2022,402T_2_2022,PF_N,33.33333333
402T_2022,402T_2_2022,PG_I,0
402T_2022,402T_2_2022,PG_N,13.33333333
402T_2022,402T_2_2022,SH_N,15
402T_2022,402T_2_2022,PF_I,0
402T_2022,402T_2_2022,GAP,46.66666667
402T_2022,402T_28_2022,AF_I,1.666666667
402T_2022,402T_28_2022,AF_N,3.333333333
402T_2022,402T_28_2022,AG_I,11.66666667
402T_2022,402T_28_2022,PF_N,23.33333333
402T_2022,402T_28_2022,PG_I,0
402T_2022,402T_28_2022,PG_N,0
402T_2022,402T_28_2022,SH_N,20
402T_2022,402T_28_2022,PF_I,0
402T_2022,402T_28_2022,GAP,56.66666667
403C_2022,403C_15_2022,AF_I,21.66666667
403C_2022,403C_15_2022,AF_N,5
403C_2022,403C_15_2022,AG_I,48.33333333
403C_2022,403C_15_2022,PF_N,35
403C_2022,403C_15_2022,PG_I,0
403C_2022,403C_15_2022,PG_N,58.33333333
403C_2022,403C_15_2022,SH_N,0
403C_2022,403C_15_2022,PF_I,0
403C_2022,403C_15_2022,GAP,13.33333333
403C_2022,403C_2_2022,AF_I,10
403C_2022,403C_2_2022,AF_N,3.333333333
403C_2022,403C_2_2022,AG_I,50
403C_2022,403C_2_2022,PF_N,25
403C_2022,403C_2_2022,PG_I,6.666666667
403C_2022,403C_2_2022,PG_N,53.33333333
403C_2022,403C_2_2022,SH_N,0
403C_2022,403C_2_2022,PF_I,0
403C_2022,403C_2_2022,GAP,15
403T_2022,403T_15_2022,AF_I,15
403T_2022,403T_15_2022,AF_N,5
403T_2022,403T_15_2022,AG_I,56.66666667
403T_2022,403T_15_2022,PF_N,23.33333333
403T_2022,403T_15_2022,PG_I,8.333333333
403T_2022,403T_15_2022,PG_N,48.33333333
403T_2022,403T_15_2022,SH_N,5
403T_2022,403T_15_2022,PF_I,0
403T_2022,403T_15_2022,GAP,15
403T_2022,403T_2_2022,AF_I,10
403T_2022,403T_2_2022,AF_N,6.666666667
403T_2022,403T_2_2022,AG_I,51.66666667
403T_2022,403T_2_2022,PF_N,30
403T_2022,403T_2_2022,PG_I,1.666666667
403T_2022,403T_2_2022,PG_N,53.33333333
403T_2022,403T_2_2022,SH_N,11.66666667
403T_2022,403T_2_2022,PF_I,0
403T_2022,403T_2_2022,GAP,8.333333333
403T_2022,403T_28_2022,AF_I,28.33333333
403T_2022,403T_28_2022,AF_N,5
403T_2022,403T_28_2022,AG_I,81.66666667
403T_2022,403T_28_2022,PF_N,71.66666667
403T_2022,403T_28_2022,PG_I,10
403T_2022,403T_28_2022,PG_N,86.66666667
403T_2022,403T_28_2022,SH_N,3.333333333
403T_2022,403T_28_2022,PF_I,1.666666667
403T_2022,403T_28_2022,GAP,11.66666667
